{"0":{"State":"NSW","deltaPeople":224300.0,"deltaPeoplePC":0.0306525453,"deltaPeople_color":1.0,"deltaPeoplePC_color":-0.2340622675},"1":{"State":"ACT","deltaPeople":6879.0,"deltaPeoplePC":0.0187489779,"deltaPeople_color":-1.0,"deltaPeoplePC_color":-1.0},"2":{"State":"VIC","deltaPeople":169792.0,"deltaPeoplePC":0.0301001613,"deltaPeople_color":0.4985948919,"deltaPeoplePC_color":-0.2696055374},"3":{"State":"QLD","deltaPeople":99594.0,"deltaPeoplePC":0.021653694,"deltaPeople_color":-0.1471385009,"deltaPeoplePC_color":-0.8130953898},"4":{"State":"SA","deltaPeople":52233.0,"deltaPeoplePC":0.0314694542,"deltaPeople_color":-0.5828001895,"deltaPeoplePC_color":-0.1814980807},"5":{"State":"WA","deltaPeople":69923.0,"deltaPeoplePC":0.029542017,"deltaPeople_color":-0.4200744178,"deltaPeoplePC_color":-0.305519461},"6":{"State":"TAS","deltaPeople":17342.0,"deltaPeoplePC":0.0339373777,"deltaPeople_color":-0.9037535473,"deltaPeoplePC_color":-0.0226989824},"7":{"State":"NT","deltaPeople":11521.0,"deltaPeoplePC":0.0498313149,"deltaPeople_color":-0.9572994329,"deltaPeoplePC_color":1.0}}